"Date","Overall AQI Value","Main Pollutant","Site Name (of Overall AQI)","Site ID (of Overall AQI)","Source (of Overall AQI)","CO","Ozone","PM10","PM25","NO2"
"01/01/2009","92","PM2.5","San Francisco","06-075-0005","AQS","5","9","27","92","24"
"01/02/2009","67","PM2.5","San Francisco","06-075-0005","AQS","6","23",".","67","32"
"01/03/2009","36","NO2","San Francisco","06-075-0005","AQS","9","22",".","35","36"
"01/04/2009","52","PM2.5","San Francisco","06-075-0005","AQS","10","19",".","52","32"
"01/05/2009","66","PM2.5","San Francisco","06-075-0005","AQS","7","9",".","66","31"
"01/06/2009","70","PM2.5","San Francisco","06-075-0005","AQS","7","8",".","70","28"
"01/07/2009","91","PM2.5","San Francisco","06-075-0005","AQS","6","9","28","91","29"
"01/08/2009","92","PM2.5","San Francisco","06-075-0005","AQS","7","8",".","92","24"
"01/09/2009","52","PM2.5","San Francisco","06-075-0005","AQS","7","20",".","52","37"
"01/10/2009","48","PM2.5","San Francisco","06-075-0005","AQS","10","24",".","48","38"
"01/11/2009","76","PM2.5","San Francisco","06-075-0005","AQS","18","10",".","76","50"
"01/12/2009","49","PM2.5","San Francisco","06-075-0005","AQS","19","17",".","49","39"
"01/13/2009","55","PM2.5","San Francisco","06-075-0005","AQS","10","14","18","55","41"
"01/14/2009","94","PM2.5","San Francisco","06-075-0005","AQS","13","10",".","94","44"
"01/15/2009","82","PM2.5","San Francisco","06-075-0005","AQS","31","13",".","82","52"
"01/16/2009","86","PM2.5","San Francisco","06-075-0005","AQS","33","10",".","86","49"
"01/17/2009","136","PM2.5","San Francisco","06-075-0005","AQS","15","13",".","136","49"
"01/18/2009","115","PM2.5","San Francisco","06-075-0005","AQS","15","26",".","115","44"
"01/19/2009","63","PM2.5","San Francisco","06-075-0005","AQS","10","17","22","63","55"
"01/20/2009","66","PM2.5","San Francisco","06-075-0005","AQS","14","13",".","66","50"
"01/21/2009","64","PM2.5","San Francisco","06-075-0005","AQS","15","3",".","64","49"
"01/22/2009","67","PM2.5","San Francisco","06-075-0005","AQS","7","6",".","67","36"
"01/23/2009","59","PM2.5","San Francisco","06-075-0005","AQS","7","15",".","59","29"
"01/24/2009","52","PM2.5","San Francisco","06-075-0005","AQS","6","32",".","52","14"
"01/25/2009","32","Ozone","San Francisco","06-075-0005","AQS","3","32","11","30","23"
"01/26/2009","29","NO2","San Francisco","06-075-0005","AQS","7","22",".","23","29"
"01/27/2009","42","NO2","San Francisco","06-075-0005","AQS","9","20",".","34","42"
"01/28/2009","56","PM2.5","San Francisco","06-075-0005","AQS","10","17",".","56","37"
"01/29/2009","57","PM2.5","San Francisco","06-075-0005","AQS","13","19",".","57","55"
"01/30/2009","82","PM2.5","San Francisco","06-075-0005","AQS","13","15",".","82","37"
"01/31/2009","71","PM2.5","San Francisco","06-075-0005","AQS","9","12","28","71","33"
"02/01/2009","62","PM2.5","San Francisco","06-075-0005","AQS","13","23",".","62","42"
"02/02/2009","104","PM2.5","San Francisco","06-075-0005","AQS","13","19",".","104","51"
"02/03/2009","105","PM2.5","San Francisco","06-075-0005","AQS","13","18",".","105","55"
"02/04/2009","76","PM2.5","San Francisco","06-075-0005","AQS","13","23",".","76","46"
"02/05/2009","32","NO2","San Francisco","06-075-0005","AQS","6","29",".","27","32"
"02/06/2009","36","PM2.5","San Francisco","06-075-0005","AQS","6","26","8","36","36"
"02/07/2009","45","PM2.5","San Francisco","06-075-0005","AQS","5","22",".","45","25"
"02/08/2009","47","PM2.5","San Francisco","06-075-0005","AQS","5","34",".","47","25"
"02/09/2009","29","Ozone","San Francisco","06-075-0005","AQS","5","29",".","25","28"
"02/10/2009","34","NO2","San Francisco","06-075-0005","AQS","7","30",".","23","34"
"02/11/2009","37","NO2","San Francisco","06-075-0005","AQS","7","28",".","24","37"
"02/12/2009","35","NO2","San Francisco","06-075-0005","AQS","5","29","10","24","35"
"02/13/2009","41","NO2","San Francisco","06-075-0005","AQS","5","31",".","20","41"
"02/14/2009","33","Ozone","San Francisco","06-075-0005","AQS","5","33",".","13","13"
"02/15/2009","35","Ozone","San Francisco","06-075-0005","AQS","3","35",".","15","11"
"02/16/2009","33","Ozone","San Francisco","06-075-0005","AQS","3","33",".","18","18"
"02/17/2009","31","Ozone","San Francisco","06-075-0005","AQS","5","31",".","27","30"
"02/18/2009","36","PM2.5","San Francisco","06-075-0005","AQS","7","17","13","36","36"
"02/19/2009","48","PM2.5","San Francisco","06-075-0005","AQS","9","22",".","48","47"
"02/20/2009","57","PM2.5","San Francisco","06-075-0005","AQS","11","19",".","57","45"
"02/21/2009","58","PM2.5","San Francisco","06-075-0005","AQS","11","29",".","58","38"
"02/22/2009","32","Ozone","San Francisco","06-075-0005","AQS","5","32",".","19","8"
"02/23/2009","30","Ozone","San Francisco","06-075-0005","AQS","5","30",".","24","16"
"02/24/2009","39","NO2","San Francisco","06-075-0005","AQS","6","33","12","38","39"
"02/25/2009","30","Ozone","San Francisco","06-075-0005","AQS","5","30",".","20","26"
"02/26/2009","31","Ozone","San Francisco","06-075-0005","AQS","6","31",".","17","28"
"02/27/2009","42","NO2","San Francisco","06-075-0005","AQS","8","28",".","26","42"
"02/28/2009","55","PM2.5","San Francisco","06-075-0005","AQS","9","18",".","55","37"
"03/01/2009","47","PM2.5","San Francisco","06-075-0005","AQS","9","37",".","47","27"
"03/02/2009","40","Ozone","San Francisco","06-075-0005","AQS","5","40","9","22","27"
"03/03/2009","38","Ozone","San Francisco","06-075-0005","AQS","5","38",".","24","21"
"03/04/2009","43","NO2","San Francisco","06-075-0005","AQS","6","35",".","15","43"
"03/05/2009","31","Ozone","San Francisco","06-075-0005","AQS","6","31",".","26","24"
"03/06/2009","33","Ozone","San Francisco","06-075-0005","AQS","6","33",".","17","30"
"03/07/2009","34","PM2.5","San Francisco","06-075-0005","AQS","7","31",".","34","32"
"03/08/2009","36","Ozone","San Francisco","06-075-0005","AQS","5","36","16","32","11"
"03/09/2009","35","Ozone","San Francisco","06-075-0005","AQS","5","35",".","15","27"
"03/10/2009","33","NO2","San Francisco","06-075-0005","AQS","6","31",".","18","33"
"03/11/2009","42","NO2","San Francisco","06-075-0005","AQS","7","29",".","35","42"
"03/12/2009","44","PM2.5","San Francisco","06-075-0005","AQS","6","31",".","44","29"
"03/13/2009","43","PM2.5","San Francisco","06-075-0005","AQS","5","37",".","43","20"
"03/14/2009","37","Ozone","San Francisco","06-075-0005","AQS","5","37","11","25","15"
"03/15/2009","31","Ozone","San Francisco","06-075-0005","AQS","5","31",".","20","10"
"03/16/2009","27","Ozone","San Francisco","06-075-0005","AQS","6","27",".","26","26"
"03/17/2009","28","PM2.5","San Francisco","06-075-0005","AQS","5","25",".","28","28"
"03/18/2009","52","PM2.5","San Francisco","06-075-0005","AQS","6","18",".","52","28"
"03/19/2009","52","PM2.5","San Francisco","06-075-0005","AQS","7","28",".","52","34"
"03/20/2009","31","Ozone","San Francisco","06-075-0005","AQS","5","31","12","25","26"
"03/21/2009","44","Ozone","San Francisco","06-075-0005","AQS","5","44",".","20","10"
"03/22/2009","44","Ozone","San Francisco","06-075-0005","AQS","5","44",".","24","8"
"03/23/2009","33","Ozone","San Francisco","06-075-0005","AQS","6","33",".","20","26"
"03/24/2009","42","NO2","San Francisco","06-075-0005","AQS","8","26",".","38","42"
"03/25/2009","51","PM2.5","San Francisco","06-075-0005","AQS","8","27",".","51","43"
"03/26/2009","37","PM2.5","San Francisco","06-075-0005","AQS",".",".","19","37","."
"03/27/2009","57","PM2.5","San Francisco","06-075-0005","AQS","9","27",".","57","40"
"03/28/2009","63","PM2.5","San Francisco","06-075-0005","AQS","8","27",".","63","32"
"03/29/2009","42","PM2.5","San Francisco","06-075-0005","AQS","5","36",".","42","13"
"03/30/2009","36","PM2.5","San Francisco","06-075-0005","AQS","5","34",".","36","24"
"03/31/2009","59","PM2.5","San Francisco","06-075-0005","AQS","8","31",".","59","44"
"04/01/2009","47","PM2.5","San Francisco","06-075-0005","AQS","5","31","21","47","29"
"04/02/2009","33","PM2.5","San Francisco","06-075-0005","AQS","3","33",".","33","16"
"04/03/2009","52","PM2.5","San Francisco","06-075-0005","AQS","5","35",".","52","42"
"04/04/2009","47","PM2.5","San Francisco","06-075-0005","AQS","6","42",".","47","46"
"04/05/2009","51","Ozone","San Francisco","06-075-0005","AQS","6","51",".","48","44"
"04/06/2009","56","PM2.5","San Francisco","06-075-0005","AQS","7","44",".","56","45"
"04/07/2009","40","PM2.5","San Francisco","06-075-0005","AQS","5","38","13","40","33"
"04/08/2009","40","Ozone","San Francisco","06-075-0005","AQS","3","40",".","19","21"
"04/09/2009","39","Ozone","San Francisco","06-075-0005","AQS","3","39",".","37","19"
"04/10/2009","35","NO2","San Francisco","06-075-0005","AQS","3","32",".","24","35"
"04/11/2009","36","Ozone","San Francisco","06-075-0005","AQS","3","36",".","28","20"
"04/12/2009","31","Ozone","San Francisco","06-075-0005","AQS","3","31",".","26","13"
"04/13/2009","50","PM2.5","San Francisco","06-075-0005","AQS","5","33","21","50","31"
"04/14/2009","40","PM2.5","San Francisco","06-075-0005","AQS","3","35",".","40","19"
"04/15/2009","40","PM2.5","San Francisco","06-075-0005","AQS","3","34",".","40","27"
"04/16/2009","40","PM2.5","San Francisco","06-075-0005","AQS",".","31",".","40","28"
"04/17/2009","43","PM2.5","San Francisco","06-075-0005","AQS","3","26",".","43","39"
"04/18/2009","51","PM2.5","San Francisco","06-075-0005","AQS","5","23",".","51","30"
"04/19/2009","61","PM2.5","San Francisco","06-075-0005","AQS","7","54","21","61","42"
"04/20/2009","64","PM2.5","San Francisco","06-075-0005","AQS","8","49",".","64","55"
"04/21/2009","63","PM2.5","San Francisco","06-075-0005","AQS","7","39",".","63","51"
"04/22/2009","60","PM2.5","San Francisco","06-075-0005","AQS","6","28",".","60","31"
"04/23/2009","54","PM2.5","San Francisco","06-075-0005","AQS","1","36",".","54","17"
"04/24/2009","53","PM2.5","San Francisco","06-075-0005","AQS","2","35",".","53","18"
"04/25/2009","55","PM2.5","San Francisco","06-075-0005","AQS","3","41","26","55","17"
"04/26/2009","56","PM2.5","San Francisco","06-075-0005","AQS","2","42",".","56","9"
"04/27/2009","59","PM2.5","San Francisco","06-075-0005","AQS","2","38",".","59","22"
"04/28/2009","45","PM2.5","San Francisco","06-075-0005","AQS","2","38",".","45","25"
"04/29/2009","45","PM2.5","San Francisco","06-075-0005","AQS","3","35",".","45","24"
"04/30/2009","44","PM2.5","San Francisco","06-075-0005","AQS","3","33",".","44","21"
"05/01/2009","36","PM2.5","San Francisco","06-075-0005","AQS","5","24","12","36","28"
"05/02/2009","40","PM2.5","San Francisco","06-075-0005","AQS","3","31",".","40","27"
"05/03/2009","29","PM2.5","San Francisco","06-075-0005","AQS","3","25",".","29","18"
"05/04/2009","35","PM2.5","San Francisco","06-075-0005","AQS","5","14",".","35","24"
"05/05/2009","27","PM2.5","San Francisco","06-075-0005","AQS","3","16",".","27","23"
"05/06/2009","28","PM2.5","San Francisco","06-075-0005","AQS","3","16",".","28","20"
"05/07/2009","52","PM2.5","San Francisco","06-075-0005","AQS","3","28","18","52","25"
"05/08/2009","63","PM2.5","San Francisco","06-075-0005","AQS","6","25",".","63","33"
"05/09/2009","60","PM2.5","San Francisco","06-075-0005","AQS","3","30",".","60","12"
"05/10/2009","63","PM2.5","San Francisco","06-075-0005","AQS","3","31",".","63","10"
"05/11/2009","46","PM2.5","San Francisco","06-075-0005","AQS","3","30",".","46","23"
"05/12/2009","52","PM2.5","San Francisco","06-075-0005","AQS","5","31",".","52","30"
"05/13/2009","53","PM2.5","San Francisco","06-075-0005","AQS",".","30","24","53","."
"05/14/2009","42","PM2.5","San Francisco","06-075-0005","AQS","3","20",".","42","16"
"05/15/2009","47","PM2.5","San Francisco","06-075-0005","AQS",".","17",".","47","30"
"05/16/2009","67","PM2.5","San Francisco","06-075-0005","AQS","8","31",".","67","30"
"05/17/2009","70","PM2.5","San Francisco","06-075-0005","AQS","10","43",".","70","39"
"05/18/2009","34","PM2.5","San Francisco","06-075-0005","AQS","3","25",".","34","14"
"05/19/2009","44","PM2.5","San Francisco","06-075-0005","AQS","3","31","16","44","10"
"05/20/2009","59","PM2.5","San Francisco","06-075-0005","AQS","3","28",".","59","16"
"05/21/2009","60","PM2.5","San Francisco","06-075-0005","AQS","5","32",".","60","25"
"05/22/2009","65","PM2.5","San Francisco","06-075-0005","AQS","3","32",".","65","13"
"05/23/2009","58","PM2.5","San Francisco","06-075-0005","AQS","3","36",".","58","8"
"05/24/2009","62","PM2.5","San Francisco","06-075-0005","AQS","2","37",".","62","6"
"05/25/2009","63","PM2.5","San Francisco","06-075-0005","AQS","3","35","26","63","7"
"05/26/2009","66","PM2.5","San Francisco","06-075-0005","AQS","5","30",".","66","36"
"05/27/2009","58","PM2.5","San Francisco","06-075-0005","AQS","3","24",".","58","14"
"05/28/2009","45","PM2.5","San Francisco","06-075-0005","AQS","5","30",".","45","19"
"05/29/2009","38","PM2.5","San Francisco","06-075-0005","AQS","3","35",".","38","13"
"05/30/2009","50","PM2.5","San Francisco","06-075-0005","AQS","3","35",".","50","8"
"05/31/2009","38","PM2.5","San Francisco","06-075-0005","AQS","3","30","7","38","7"
"06/01/2009","38","PM2.5","San Francisco","06-075-0005","AQS","3","22",".","38","11"
"06/02/2009","47","PM2.5","San Francisco","06-075-0005","AQS","3","25",".","47","13"
"06/03/2009","45","PM2.5","San Francisco","06-075-0005","AQS","3","30",".","45","15"
"06/04/2009","38","PM2.5","San Francisco","06-075-0005","AQS","3","25",".","38","9"
"06/05/2009","36","PM2.5","San Francisco","06-075-0005","AQS",".","23",".","36","12"
"06/06/2009","37","PM2.5","San Francisco","06-075-0005","AQS","3","25","7","37","11"
"06/07/2009","31","Ozone","San Francisco","06-075-0005","AQS","3","31",".","30","7"
"06/08/2009","45","PM2.5","San Francisco","06-075-0005","AQS","3","30",".","45","10"
"06/09/2009","24","PM2.5","San Francisco","06-075-0005","AQS","3","17",".","24","8"
"06/10/2009","28","PM2.5","San Francisco","06-075-0005","AQS","3","23",".","28","15"
"06/11/2009","33","PM2.5","San Francisco","06-075-0005","AQS","3","22",".","33","12"
"06/12/2009","35","PM2.5","San Francisco","06-075-0005","AQS","3","24","9","35","11"
"06/13/2009","30","Ozone","San Francisco","06-075-0005","AQS","1","30",".","25","10"
"06/14/2009","33","Ozone","San Francisco","06-075-0005","AQS","1","33",".","29","8"
"06/15/2009","30","Ozone","San Francisco","06-075-0005","AQS","1","30",".","29","18"
"06/16/2009","52","PM2.5","San Francisco","06-075-0005","AQS",".","27",".","52","8"
"06/17/2009","46","PM2.5","San Francisco","06-075-0005","AQS","1","23",".","46","12"
"06/18/2009","52","PM2.5","San Francisco","06-075-0005","AQS","1","20","22","52","23"
"06/19/2009","57","PM2.5","San Francisco","06-075-0005","AQS","1","24",".","57","18"
"06/20/2009","62","PM2.5","San Francisco","06-075-0005","AQS","1","24",".","62","15"
"06/21/2009","52","PM2.5","San Francisco","06-075-0005","AQS","0","25",".","52","12"
"06/22/2009","61","PM2.5","San Francisco","06-075-0005","AQS","2","22",".","61","23"
"06/23/2009","68","PM2.5","San Francisco","06-075-0005","AQS","2","28",".","68","21"
"06/24/2009","58","PM2.5","San Francisco","06-075-0005","AQS",".",".","20","58","16"
"06/25/2009","51","PM2.5","San Francisco","06-075-0005","AQS","1","23",".","51","11"
"06/26/2009","62","PM2.5","San Francisco","06-075-0005","AQS","2","22",".","62","23"
"06/27/2009","70","PM2.5","San Francisco","06-075-0005","AQS","3","40",".","70","28"
"06/28/2009","74","PM2.5","San Francisco","06-075-0005","AQS","5","31",".","74","29"
"06/29/2009","77","PM2.5","San Francisco","06-075-0005","AQS","1","24",".","77","17"
"06/30/2009","58","PM2.5","San Francisco","06-075-0005","AQS","1","27","19","58","19"
"07/01/2009","59","PM2.5","San Francisco","06-075-0005","AQS","2","28",".","59","17"
"07/02/2009","61","PM2.5","San Francisco","06-075-0005","AQS","2","27",".","61","16"
"07/03/2009","48","PM2.5","San Francisco","06-075-0005","AQS","2","31",".","48","13"
"07/04/2009","47","PM2.5","San Francisco","06-075-0005","AQS","2","31",".","47","5"
"07/05/2009","38","PM2.5","San Francisco","06-075-0005","AQS","2","27",".","38","5"
"07/06/2009","40","PM2.5","San Francisco","06-075-0005","AQS","2","23","15","40","11"
"07/07/2009","51","PM2.5","San Francisco","06-075-0005","AQS",".","20",".","51","16"
"07/08/2009","54","PM2.5","San Francisco","06-075-0005","AQS","2","19",".","54","16"
"07/09/2009","45","PM2.5","San Francisco","06-075-0005","AQS","3","22",".","45","9"
"07/10/2009","48","PM2.5","San Francisco","06-075-0005","AQS","3","21",".","48","10"
"07/11/2009","43","PM2.5","San Francisco","06-075-0005","AQS","5","27",".","43","8"
"07/12/2009","33","PM2.5","San Francisco","06-075-0005","AQS","6","22","12","33","8"
"07/13/2009","59","PM2.5","San Francisco","06-075-0005","AQS","8","24",".","59","36"
"07/14/2009","72","PM2.5","San Francisco","06-075-0005","AQS","9","22",".","72","38"
"07/15/2009","55","PM2.5","San Francisco","06-075-0005","AQS","6","22",".","55","16"
"07/16/2009","35","PM2.5","San Francisco","06-075-0005","AQS","6","23",".","35","14"
"07/17/2009","32","PM2.5","San Francisco","06-075-0005","AQS","3","15",".","32","14"
"07/18/2009","48","PM2.5","San Francisco","06-075-0005","AQS","5","14","13","48","11"
"07/19/2009","54","PM2.5","San Francisco","06-075-0005","AQS","6","20",".","54","8"
"07/20/2009","54","PM2.5","San Francisco","06-075-0005","AQS",".","21",".","54","21"
"07/21/2009","35","PM2.5","San Francisco","06-075-0005","AQS",".","19",".","35","12"
"07/22/2009","28","PM2.5","San Francisco","06-075-0005","AQS","1","17",".","28","12"
"07/23/2009","29","PM2.5","San Francisco","06-075-0005","AQS","1","13",".","29","16"
"07/24/2009","20","PM2.5","San Francisco","06-075-0005","AQS","0","18","6","20","14"
"07/25/2009","29","PM2.5","San Francisco","06-075-0005","AQS","0","16",".","29","10"
"07/26/2009","27","PM2.5","San Francisco","06-075-0005","AQS","0","14",".","27","9"
"07/27/2009","31","PM2.5","San Francisco","06-075-0005","AQS","0","17",".","31","12"
"07/28/2009","25","PM2.5","San Francisco","06-075-0005","AQS","0","17",".","25","12"
"07/29/2009","28","PM2.5","San Francisco","06-075-0005","AQS","0","16",".","28","14"
"07/30/2009","24","PM2.5","San Francisco","06-075-0005","AQS","1","17","5","24","10"
"07/31/2009","28","PM2.5","San Francisco","06-075-0005","AQS","1","12",".","28","10"
"08/01/2009","32","PM2.5","San Francisco","06-075-0005","AQS","0","15",".","32","9"
"08/02/2009","30","PM2.5","San Francisco","06-075-0005","AQS","0","19",".","30","6"
"08/03/2009","28","PM2.5","San Francisco","06-075-0005","AQS","1","15",".","28","11"
"08/04/2009","24","PM2.5","San Francisco","06-075-0005","AQS","1","14",".","24","20"
"08/05/2009","33","PM2.5","San Francisco","06-075-0005","AQS","0","15","7","33","14"
"08/06/2009","27","PM2.5","San Francisco","06-075-0005","AQS","0","19",".","27","11"
"08/07/2009","65","PM2.5","San Francisco","06-075-0005","AQS","3","26",".","65","13"
"08/08/2009","80","PM2.5","San Francisco","06-075-0005","AQS","3","27",".","80","21"
"08/09/2009","65","PM2.5","San Francisco","06-075-0005","AQS","5","24",".","65","20"
"08/10/2009","61","PM2.5","San Francisco","06-075-0005","AQS","6","24",".","61","30"
"08/11/2009","30","PM2.5","San Francisco","06-075-0005","AQS","1","18","6","30","10"
"08/12/2009","42","PM2.5","San Francisco","06-075-0005","AQS","3","15",".","42","18"
"08/13/2009","43","PM2.5","San Francisco","06-075-0005","AQS","1","20",".","43","15"
"08/14/2009","61","PM2.5","San Francisco","06-075-0005","AQS","1","22",".","61","9"
"08/15/2009","71","PM2.5","San Francisco","06-075-0005","AQS","2","25",".","71","19"
"08/16/2009","71","PM2.5","San Francisco","06-075-0005","AQS","2","25",".","71","12"
"08/17/2009","55","PM2.5","San Francisco","06-075-0005","AQS","1","30","15","55","8"
"08/18/2009","45","PM2.5","San Francisco","06-075-0005","AQS","2","28",".","45","11"
"08/19/2009","46","PM2.5","San Francisco","06-075-0005","AQS","2","27",".","46","11"
"08/20/2009","52","PM2.5","San Francisco","06-075-0005","AQS","2","28",".","52","15"
"08/21/2009","45","PM2.5","San Francisco","06-075-0005","AQS","3","19",".","45","19"
"08/22/2009","46","PM2.5","San Francisco","06-075-0005","AQS","1","24",".","46","8"
"08/23/2009","63","PM2.5","San Francisco","06-075-0005","AQS","1","27","22","63","7"
"08/24/2009","59","PM2.5","San Francisco","06-075-0005","AQS","2","25",".","59","11"
"08/25/2009","58","PM2.5","San Francisco","06-075-0005","AQS","2","23",".","58","15"
"08/26/2009","37","PM2.5","San Francisco","06-075-0005","AQS","2","22",".","37","15"
"08/27/2009","44","PM2.5","San Francisco","06-075-0005","AQS","3","19",".","44","27"
"08/28/2009","60","PM2.5","San Francisco","06-075-0005","AQS","9","28",".","60","36"
"08/29/2009","62","PM2.5","San Francisco","06-075-0005","AQS","14","23","26","62","41"
"08/30/2009","35","PM2.5","San Francisco","06-075-0005","AQS","1","26",".","35","6"
"08/31/2009","31","PM2.5","San Francisco","06-075-0005","AQS",".","20",".","31","11"
"09/01/2009","52","PM2.5","San Francisco","06-075-0005","AQS","3","19",".","52","25"
"09/02/2009","60","PM2.5","San Francisco","06-075-0005","AQS","7","19",".","60","36"
"09/03/2009","54","PM2.5","San Francisco","06-075-0005","AQS","8","18",".","54","40"
"09/04/2009","43","PM2.5","San Francisco","06-075-0005","AQS","1","19","13","43","20"
"09/05/2009","34","PM2.5","San Francisco","06-075-0005","AQS","1","23",".","34","19"
"09/06/2009","38","PM2.5","San Francisco","06-075-0005","AQS","0","25",".","38","11"
"09/07/2009","52","PM2.5","San Francisco","06-075-0005","AQS","2","23",".","52","19"
"09/08/2009","58","PM2.5","San Francisco","06-075-0005","AQS","1","23",".","58","22"
"09/09/2009","55","PM2.5","San Francisco","06-075-0005","AQS","1","21",".","55","20"
"09/10/2009","52","PM2.5","San Francisco","06-075-0005","AQS","5","19","14","52","35"
"09/11/2009","43","PM2.5","San Francisco","06-075-0005","AQS","5","21",".","43","25"
"09/12/2009","38","PM2.5","San Francisco","06-075-0005","AQS","1","30",".","38","9"
"09/13/2009","32","PM2.5","San Francisco","06-075-0005","AQS","0","24",".","32","10"
"09/14/2009","45","PM2.5","San Francisco","06-075-0005","AQS","0","27",".","45","20"
"09/15/2009","43","PM2.5","San Francisco","06-075-0005","AQS","2","20",".","43","33"
"09/16/2009","38","PM2.5","San Francisco","06-075-0005","AQS","1","18","8","38","18"
"09/17/2009","55","PM2.5","San Francisco","06-075-0005","AQS","5","17",".","55","27"
"09/18/2009","70","PM2.5","San Francisco","06-075-0005","AQS","6","36",".","70","36"
"09/19/2009","53","PM2.5","San Francisco","06-075-0005","AQS","3","30",".","53","10"
"09/20/2009","58","PM2.5","San Francisco","06-075-0005","AQS","2","27",".","58","17"
"09/21/2009","45","PM2.5","San Francisco","06-075-0005","AQS","5","19",".","45","25"
"09/22/2009","48","PM2.5","San Francisco","06-075-0005","AQS","5","20","10","48","29"
"09/23/2009","40","PM2.5","San Francisco","06-075-0005","AQS","2","23",".","40","21"
"09/24/2009","52","PM2.5","San Francisco","06-075-0005","AQS","2","24",".","52","25"
"09/25/2009","56","PM2.5","San Francisco","06-075-0005","AQS","5","15",".","56","31"
"09/26/2009","58","PM2.5","San Francisco","06-075-0005","AQS","6","30",".","58","34"
"09/27/2009","76","PM2.5","San Francisco","06-075-0005","AQS","5","39",".","76","26"
"09/28/2009","60","PM2.5","San Francisco","06-075-0005","AQS","2","30","25","60","12"
"09/29/2009","45","PM2.5","San Francisco","06-075-0005","AQS","2","28",".","45","18"
"09/30/2009","49","PM2.5","San Francisco","06-075-0005","AQS","8","25",".","49","45"
"10/01/2009","53","PM2.5","San Francisco","06-075-0005","AQS","8","25",".","53","42"
"10/02/2009","61","PM2.5","San Francisco","06-075-0005","AQS","8","28",".","61","35"
"10/03/2009","54","PM2.5","San Francisco","06-075-0005","AQS","2","29",".","54","22"
"10/04/2009","50","PM2.5","San Francisco","06-075-0005","AQS","3","28","18","50","27"
"10/05/2009","52","PM2.5","San Francisco","06-075-0005","AQS","3","22",".","52","26"
"10/06/2009","56","PM2.5","San Francisco","06-075-0005","AQS","6","21",".","56","38"
"10/07/2009","55","PM2.5","San Francisco","06-075-0005","AQS","9","26",".","55","44"
"10/08/2009","41","PM2.5","San Francisco","06-075-0005","AQS","1","29",".","41","22"
"10/09/2009","45","PM2.5","San Francisco","06-075-0005","AQS","2","32",".","45","24"
"10/10/2009","51","PM2.5","San Francisco","06-075-0005","AQS","1","38","17","51","13"
"10/11/2009","44","PM2.5","San Francisco","06-075-0005","AQS","2","38",".","44","13"
"10/12/2009","34","PM2.5","San Francisco","06-075-0005","AQS","2","32",".","34","17"
"10/13/2009","28","Ozone","San Francisco","06-075-0005","AQS","1","28",".","21","9"
"10/14/2009","40","PM2.5","San Francisco","06-075-0005","AQS","1","23",".","40","28"
"10/15/2009","49","PM2.5","San Francisco","06-075-0005","AQS","5","9",".","49","29"
"10/16/2009","41","PM2.5","San Francisco","06-075-0005","AQS",".","13","13","41","26"
"10/17/2009","23","PM2.5","San Francisco","06-075-0005","AQS","3","9",".","23","16"
"10/18/2009","31","Ozone","San Francisco","06-075-0005","AQS","1","31",".","25","10"
"10/19/2009","36","NO2","San Francisco","06-075-0005","AQS","5","23",".","30","36"
"10/20/2009","48","PM2.5","San Francisco","06-075-0005","AQS","3","22",".","48","24"
"10/21/2009","30","PM2.5","San Francisco","06-075-0005","AQS","3","19",".","30","25"
"10/22/2009","56","PM2.5","San Francisco","06-075-0005","AQS","5","19","21","56","31"
"10/23/2009","62","PM2.5","San Francisco","06-075-0005","AQS","7","14",".","62","48"
"10/24/2009","44","PM2.5","San Francisco","06-075-0005","AQS","3","15",".","44","25"
"10/25/2009","59","PM2.5","San Francisco","06-075-0005","AQS","8","15",".","59","31"
"10/26/2009","53","PM2.5","San Francisco","06-075-0005","AQS","10","30",".","53","40"
"10/27/2009","31","Ozone","San Francisco","06-075-0005","AQS","2","31",".","23","19"
"10/28/2009","29","Ozone","San Francisco","06-075-0005","AQS","3","29","11","25","29"
"10/29/2009","56","NO2","San Francisco","06-075-0005","AQS","8","26",".","52","56"
"10/30/2009","53","PM2.5","San Francisco","06-075-0005","AQS","8","18",".","53","38"
"10/31/2009","47","PM2.5","San Francisco","06-075-0005","AQS","3","15",".","47","24"
"11/01/2009","52","PM2.5","San Francisco","06-075-0005","AQS","7","23",".","52","41"
"11/02/2009","55","PM2.5","San Francisco","06-075-0005","AQS","7","19",".","55","52"
"11/03/2009","67","PM2.5","San Francisco","06-075-0005","AQS","8","24","32","67","56"
"11/04/2009","49","PM2.5","San Francisco","06-075-0005","AQS","5","30",".","49","36"
"11/05/2009","27","PM2.5","San Francisco","06-075-0005","AQS","3","23",".","27","25"
"11/06/2009","29","NO2","San Francisco","06-075-0005","AQS","2","22",".","28","29"
"11/07/2009","40","PM2.5","San Francisco","06-075-0005","AQS","3","24",".","40","32"
"11/08/2009","39","PM2.5","San Francisco","06-075-0005","AQS","6","23",".","39","34"
"11/09/2009","56","PM2.5","San Francisco","06-075-0005","AQS","8","9","24","56","38"
"11/10/2009","57","PM2.5","San Francisco","06-075-0005","AQS","9","12",".","57","37"
"11/11/2009","45","PM2.5","San Francisco","06-075-0005","AQS","3","18",".","45","28"
"11/12/2009","41","PM2.5","San Francisco","06-075-0005","AQS","3","26",".","41","27"
"11/13/2009","34","PM2.5","San Francisco","06-075-0005","AQS","3","31",".","34","32"
"11/14/2009","52","PM2.5","San Francisco","06-075-0005","AQS","5","28",".","52","34"
"11/15/2009","57","PM2.5","San Francisco","06-075-0005","AQS","7","18","19","57","35"
"11/16/2009","64","PM2.5","San Francisco","06-075-0005","AQS","9","15",".","64","51"
"11/17/2009","56","PM2.5","San Francisco","06-075-0005","AQS","9","28",".","56","39"
"11/18/2009","34","NO2","San Francisco","06-075-0005","AQS","5","24",".","33","34"
"11/19/2009","54","PM2.5","San Francisco","06-075-0005","AQS","8","13",".","54","42"
"11/20/2009","30","PM2.5","San Francisco","06-075-0005","AQS","8","29",".","30","28"
"11/21/2009","31","PM2.5","San Francisco","06-075-0005","AQS","3","27","13","31","29"
"11/22/2009","33","PM2.5","San Francisco","06-075-0005","AQS","3","27",".","33","29"
"11/23/2009","54","PM2.5","San Francisco","06-075-0005","AQS","10","13",".","54","41"
"11/24/2009","61","PM2.5","San Francisco","06-075-0005","AQS","10","12",".","61","42"
"11/25/2009","68","PM2.5","San Francisco","06-075-0005","AQS","10","12",".","68","38"
"11/26/2009","74","PM2.5","San Francisco","06-075-0005","AQS","8","24",".","74","34"
"11/27/2009","35","PM2.5","San Francisco","06-075-0005","AQS","2","29","12","35","22"
"11/28/2009","33","PM2.5","San Francisco","06-075-0005","AQS","1","31",".","33","15"
"11/29/2009","43","NO2","San Francisco","06-075-0005","AQS","8","28",".","39","43"
"11/30/2009","67","PM2.5","San Francisco","06-075-0005","AQS","9","16",".","67","50"
"12/01/2009","87","PM2.5","San Francisco","06-075-0005","AQS","9","19",".","87","33"
"12/02/2009","59","PM2.5","San Francisco","06-075-0005","AQS","3","22",".","59","25"
"12/03/2009","63","PM2.5","San Francisco","06-075-0005","AQS","7","20","19","63","27"
"12/04/2009","87","PM2.5","San Francisco","06-075-0005","AQS","7","18",".","87","31"
"12/05/2009","60","PM2.5","San Francisco","06-075-0005","AQS","6","20",".","60","35"
"12/06/2009","50","PM2.5","San Francisco","06-075-0005","AQS","8","27",".","50","33"
"12/07/2009","31","PM2.5","San Francisco","06-075-0005","AQS","3","25",".","31","25"
"12/08/2009","52","PM2.5","San Francisco","06-075-0005","AQS","6","8",".","52","40"
"12/09/2009","68","PM2.5","San Francisco","06-075-0005","AQS","6","19","24","68","33"
"12/10/2009","85","PM2.5","San Francisco","06-075-0005","AQS","5","13",".","85","32"
"12/11/2009","66","PM2.5","San Francisco","06-075-0005","AQS","6","22",".","66","39"
"12/12/2009","37","Ozone","San Francisco","06-075-0005","AQS","5","37",".","27","16"
"12/13/2009","35","Ozone","San Francisco","06-075-0005","AQS","1","35",".","31","19"
"12/14/2009","54","PM2.5","San Francisco","06-075-0005","AQS","9","14",".","54","39"
"12/15/2009","47","PM2.5","San Francisco","06-075-0005","AQS","9","19","17","47","35"
"12/16/2009","54","PM2.5","San Francisco","06-075-0005","AQS","6","14",".","54","35"
"12/17/2009","61","PM2.5","San Francisco","06-075-0005","AQS",".","5",".","61","."
"12/18/2009","61","PM2.5","San Francisco","06-075-0005","AQS","14","8",".","61","43"
"12/19/2009","101","PM2.5","San Francisco","06-075-0005","AQS","14","9",".","101","22"
"12/20/2009","78","PM2.5","San Francisco","06-075-0005","AQS","5","12",".","78","25"
"12/21/2009","43","PM2.5","San Francisco","06-075-0005","AQS",".","33","12","43","28"
"12/22/2009","29","Ozone","San Francisco","06-075-0005","AQS","5","29",".","22","22"
"12/23/2009","47","NO2","San Francisco","06-075-0005","AQS","13","19",".","42","47"
"12/24/2009","62","PM2.5","San Francisco","06-075-0005","AQS","14","19",".","62","38"
"12/25/2009","88","PM2.5","San Francisco","06-075-0005","AQS","9","19",".","88","41"
"12/26/2009","83","PM2.5","San Francisco","06-075-0005","AQS","9","18",".","83","34"
"12/27/2009","65","PM2.5","San Francisco","06-075-0005","AQS","5","20","19","65","27"
"12/28/2009","38","PM2.5","San Francisco","06-075-0005","AQS","6","19",".","38","32"
"12/29/2009","54","PM2.5","San Francisco","06-075-0005","AQS","8","31",".","54","32"
"12/30/2009","42","PM2.5","San Francisco","06-075-0005","AQS","6","19",".","42","40"
"12/31/2009","62","PM2.5","San Francisco","06-075-0005","AQS","6","10",".","62","36"
